,ABH,HMI,MI,Normal,accuracy,macro avg,weighted avg
precision,0.9574468085106383,1.0,1.0,0.9661016949152542,0.978494623655914,0.9808871258564732,0.9788591215600511
recall,0.9574468085106383,0.9411764705882353,1.0,1.0,0.978494623655914,0.9746558197747184,0.978494623655914
f1-score,0.9574468085106383,0.9696969696969697,1.0,0.9827586206896551,0.978494623655914,0.9774755997243159,0.9784243997258458
support,47.0,34.0,48.0,57.0,0.978494623655914,186.0,186.0
